NXyX5pie5jl8prVgrO6YBSaABq9HdxXM3uXgSUIY,2005786830,2.09586E+13,6.30003E+18,37
NXyX5pie5jl8prVgrO6YBSaABq9HdxXM3uXgSUIY,2005786830,2.09586E+13,6.30003E+18,2
,,,,3
,,,,5
,,,,26
